phone_number,address,job,Phone Format,State,Job Category
3144727973,"5385 Noah Views
New Laurenbury, AL 91401","Sound technician, broadcasting/film/video",Standard,AL,Technician
412.800.7037,,Database administrator,Standard,,Administrator
(392)952-0174,"821 Pena Circles Apt. 481
South Dennis, DE 10243",Forensic scientist,Standard,DE,Scientist
893.899.1749x7378,"81424 Brian Prairie Suite 095
Port Joshuahaven, NH 10463","Engineer, structural",Standard,NH,Engineer
9071580641,"PSC 3799, Box 1394
APO AA 29292","Surveyor, quantity",Standard,AA,Surveyor
,"Unit 4627 Box 9355
DPO AE 25344",Bonds trader,,AE,Other
821-641-2451x48032,"710 Larson Pass Suite 943
West Alexandrabury, LA 83453",Radio broadcast assistant,Standard,LA,Other
6367076372,"051 Richards Canyon
New Scottport, AZ 22805",Press sub,Standard,AZ,Other
941.601.1026x68943,"700 Cheryl Knolls Suite 534
Cookland, IA 25706",Operations geologist,Standard,IA,Other
8331102129,"Unit 7646 Box 5583
DPO AP 39568","Copywriter, advertising",Standard,AP,Other
001-571-037-5261,"9586 Joel Falls
Michaelbury, GA 77224",Chartered legal executive (England and Wales),Standard,GA,Other
059-295-8862,"121 Nguyen Radial Apt. 392
Lisamouth, ME 77521",Medical physicist,Standard,ME,Other
+1-304-513-5232x5912,"378 Beverly Squares
Maxville, RI 98907",Chief Marketing Officer,Non-standard,RI,Other
9846889361,"804 Nichols Viaduct
Jenniferville, PA 05809",Politician's assistant,Standard,PA,Other
+1-181-774-8172x724,"9016 Stewart Ford
North Kathleen, WA 02277",Occupational psychologist,Non-standard,WA,Other
3328694792,"017 Jill Hills
Dennisland, MD 76850",Bonds trader,Standard,MD,Other
(026)874-3566x6091,"2512 Donald Inlet Suite 707
Michelleton, IN 80119",Pharmacologist,Standard,IN,Other
(467)987-7612x3744,"8620 Dakota Station Suite 491
Liuview, NE 05855",Furniture designer,Standard,NE,Other
+1-041-022-4214,"1044 Kimberly Brooks
Cooperberg, TN 40451",Lexicographer,Non-standard,TN,Other
001-275-607-9203x674,"20180 Juan Ridge
Robbinsmouth, NM 74774",Retail merchandiser,Standard,NM,Other
341-187-3098x847,"00995 Trevor Station Apt. 760
Dyerborough, CT 46152",Stage manager,Standard,CT,Other
902.734.9199x88119,"9917 Matthews Points
New Brett, NJ 94648",Musician,Standard,NJ,Other
001-746-141-4955x99998,"183 Jacob Corners
Millerville, VA 18415","Psychotherapist, dance movement",Standard,VA,Other
(535)008-2744,"5530 Rice Throughway Suite 883
Port Joannaview, MS 49914",Manufacturing systems engineer,Standard,MS,Engineer
359.625.0904,"971 Kristina Inlet Apt. 697
East Lauren, IA 48500",Geoscientist,Standard,IA,Scientist
,"297 Calderon Walks Suite 887
Lake Jessica, MI 15520",Contractor,,MI,Other
001-220-155-0788x66127,"27458 Jesse Crescent
Evansside, TN 01954",Environmental manager,Standard,TN,Other
3024562865,"90913 Mora Plaza
Ramirezfurt, AL 45522",Facilities manager,Standard,AL,Other
391-599-3038,"631 Theodore Run Suite 794
East Eric, SD 56740","Investment banker, corporate",Standard,SD,Other
(344)777-9162,"7188 Emma Ways
Davidfort, TN 76505",Orthoptist,Standard,TN,Other
001-222-095-6068x314,"69933 Cooper Ranch
Port Jeffland, AK 85370",Photographer,Standard,AK,Other
(124)807-8965,"65265 Amanda Squares Suite 764
East William, CA 50155","Teacher, English as a foreign language",Standard,CA,Other
682-670-4837x7001,"830 Jill Alley
Jeffreymouth, NY 50077",Personnel officer,Standard,NY,Other
612-203-2910x99220,"7087 Aaron Walks
Williamsmouth, ND 81562",Museum education officer,Standard,ND,Other
,"98760 Peter Road
Lake Laurashire, KS 61049","Psychologist, sport and exercise",,KS,Other
(180)847-2017,"Unit 5814 Box 0635
DPO AE 15073",Public house manager,Standard,AE,Other
001-321-861-1490x7266,"6407 Brittany Shore
West Juliahaven, RI 40945",Early years teacher,Standard,RI,Other
409.557.2669,"0345 Ernest Fords Suite 366
Danielmouth, AL 84972","Doctor, general practice",Standard,AL,Other
799-851-5620x402,"3419 Mario Gardens
Lake William, NM 77588",Public affairs consultant,Standard,NM,Other
768.258.8404,"29573 Jeffrey Centers
Port Douglas, DC 28516","Sales professional, IT",Standard,DC,Other
5210672861,"USCGC Esparza
FPO AA 40506",,Standard,AA,
001-903-573-3816x42895,"USNV Schwartz
FPO AP 88982",Transport planner,Standard,AP,Other
+1-099-704-2690,"0054 Smith Gateway
Derrickland, NC 12255",Counselling psychologist,Non-standard,NC,Other
8730629416,"391 Denise Mill Suite 049
Lake Brenda, NJ 54414",Commissioning editor,Standard,NJ,Other
001-472-111-1218x2816,"098 Michael Oval
Gardnerburgh, TN 95428",Tourism officer,Standard,TN,Other
891.181.1988x10452,"0930 Samantha Hills Apt. 645
Port Tiffany, OH 79226",Fashion designer,Standard,OH,Other
(058)940-5511x190,,Camera operator,Standard,,Other
+1-943-041-7699x523,"426 Ramsey Keys Suite 643
Kingchester, NM 63322","Exhibitions officer, museum/gallery",Non-standard,NM,Other
,"179 Stephanie Crossing
South Nicolechester, MT 05904",Multimedia specialist,,MT,Other
001-968-537-6593x32240,"0666 Pace Port
West Pamelafort, RI 04520",Hospital pharmacist,Standard,RI,Other
561.835.3793,"1102 Mark Forest Apt. 851
East Brian, IA 46902",Architect,Standard,IA,Other
001-627-721-8355x71624,"590 Michelle Summit
North David, IA 57012","Psychologist, counselling",Standard,IA,Other
672.304.7949,"5999 Robert Circles Suite 179
Walkerton, GA 40317",Insurance risk surveyor,Standard,GA,Surveyor
(567)763-7873,"6959 Joseph Via
Smithview, NE 68957",Glass blower/designer,Standard,NE,Other
+1-260-604-5903x80725,"52648 Julia Tunnel
Lake John, MI 78440","Engineer, automotive",Non-standard,MI,Engineer
001-898-075-6989x74507,"2803 Robert Point
Joshuaville, DE 93832","Therapist, music",Standard,DE,Other
990.770.2473,"00994 Cohen Flats Suite 080
Julieville, OH 22991",Forensic scientist,Standard,OH,Scientist
070-565-1308x18895,"4614 Debra Fort Suite 977
Leeland, OR 42257",Armed forces technical officer,Standard,OR,Other
448.846.9412x5336,"64596 Andrea Ferry
Reyesstad, TN 92767",Architectural technologist,Standard,TN,Other
402-276-0284,"526 Randy Overpass Suite 584
Velazquezchester, OR 41459",Personal assistant,Standard,OR,Other
+1-068-889-7536x88580,"48421 Stuart Road
East Katelynton, KY 82665","Doctor, general practice",Non-standard,KY,Other
0444610953,"45499 Espinoza Forks
Griffithport, UT 84165",Transport planner,Standard,UT,Other
149.487.1410,"0537 Murphy Expressway Apt. 886
Michealburgh, CO 47812",Careers adviser,Standard,CO,Other
(543)955-5252,"4118 Ramos Cove
Michaelburgh, TX 73597",Art gallery manager,Standard,TX,Other
541-402-5982x0642,"9938 Anthony Turnpike Apt. 506
Lake Sarahhaven, NV 29849","Engineer, energy",Standard,NV,Engineer
119-026-1716x584,,Health visitor,Standard,,Other
978-035-0374x3201,"099 Fields Cliff Apt. 753
New Toddhaven, TX 32586",Catering manager,Standard,TX,Other
001-467-036-2642x8217,"53953 Daniel Pike
Port Meganhaven, AR 41902",Museum/gallery curator,Standard,AR,Other
993.243.5535,"8096 Smith Passage
Savannahport, DE 98953","Psychologist, forensic",Standard,DE,Other
258-498-5129x237,"5460 Paul Rue Apt. 285
Mirandaland, WV 67147","Surveyor, quantity",Standard,WV,Surveyor
(737)240-1748x038,"589 Stevens Center Suite 669
New Vicki, KY 65060",Careers information officer,Standard,KY,Other
5849862014,"01018 Rachael Loop Apt. 515
East Teresa, AK 43935",,Standard,AK,
(251)658-5374,"3151 Sharon Trail Apt. 361
Port Paulside, VT 72401","Lecturer, higher education",Standard,VT,Other
(746)839-6519x438,"636 Jacob Creek Apt. 150
South Johnathan, WY 21968",Quarry manager,Standard,WY,Other
+1-089-797-5625x99844,"17171 Webster Mountains
Baileyborough, RI 99610",Catering manager,Non-standard,RI,Other
0185406128,"8390 Martinez Alley Suite 630
West Nicole, TX 46782","Investment banker, operational",Standard,TX,Other
,"04775 Pierce Union Apt. 538
West Brandy, ME 42724",Secretary/administrator,,ME,Administrator
207.753.1753,,Naval architect,Standard,,Other
722-915-2261x42093,"67453 Charles Meadow
Sethview, NH 30177","Surveyor, minerals",Standard,NH,Surveyor
360-664-0214x39913,"258 April Stream Apt. 510
Shannonshire, NM 57405","Pharmacist, hospital",Standard,NM,Other
(692)402-4707x2176,"2944 Michelle Fork
Port Franklinmouth, WA 87263","Sound technician, broadcasting/film/video",Standard,WA,Technician
+1-160-601-2846x9706,"7779 Stephanie Union Apt. 729
North Timothy, GA 19691",Industrial buyer,Non-standard,GA,Other
716-154-1735x3310,"2540 Megan Port
Andersonfort, MT 49888","Investment banker, operational",Standard,MT,Other
208-267-3371x95486,"8491 Benjamin Radial Suite 437
South Henry, FL 34927",Chemical engineer,Standard,FL,Engineer
666-121-7332,"4010 Evan Drive Suite 707
North Samuel, MA 41848","Scientist, marine",Standard,MA,Scientist
(221)153-2881x16022,"30405 Robin Orchard
South Ginaburgh, IA 27437","Surveyor, building control",Standard,IA,Surveyor
+1-392-241-4192,"USCGC Cook
FPO AP 50629",Patent examiner,Non-standard,AP,Other
+1-488-805-0874x2032,"4702 Rodriguez Shoal
Port Craigfurt, KS 87977",Radiation protection practitioner,Non-standard,KS,Other
+1-848-255-4393x7316,"48849 Young Squares
Robertside, TX 40664","Scientist, research (life sciences)",Non-standard,TX,Scientist
213-399-1588,"685 Ruiz Light
Crystalstad, IL 30259",Advertising copywriter,Standard,IL,Other
+1-600-035-5963x7072,"48880 Gerald Valley
Fosterport, UT 13883",Camera operator,Non-standard,UT,Other
001-031-027-3238x62789,"524 Marissa Way Apt. 979
Desireechester, WV 58593","Engineer, production",Standard,WV,Engineer
+1-275-555-7635,"USS Warner
FPO AA 93069","Engineer, chemical",Non-standard,AA,Engineer
193-837-7821x550,"PSC 0745, Box 6753
APO AA 30578",Risk analyst,Standard,AA,Other
214-004-1950,"1226 Gerald Mission
Lake Christopher, CT 55550",Best boy,Standard,CT,Other
8735334295,"9775 Jordan Drive Suite 217
Christophershire, ND 74229",Trading standards officer,Standard,ND,Other
+1-792-619-2396,"USNS Charles
FPO AA 41024",Architect,Non-standard,AA,Other
(520)690-3328,"991 Jessica Springs
Richardfort, UT 48765",Advertising copywriter,Standard,UT,Other
001-089-348-5125x94531,"86455 Stephanie Underpass Apt. 100
Roachtown, NC 27257",Restaurant manager,Standard,NC,Other
001-488-188-6929x1159,"260 Moore Passage
East Sharonmouth, WV 08752",Rural practice surveyor,Standard,WV,Surveyor
941.647.0956,"7211 Lewis Station Suite 773
Hernandezberg, CT 04690",Operational investment banker,Standard,CT,Other
981.355.5399x929,"7688 Karen Course Suite 688
North Margaret, MS 70468","Designer, furniture",Standard,MS,Other
,"439 Edward Streets
East Alice, WY 74213",Technical author,,WY,Other
3555221808,"963 Alexander Trafficway Apt. 896
West Heather, MT 76537",Meteorologist,Standard,MT,Other
,"665 Bowman Mount
Sheafurt, OR 59958","Engineer, civil (consulting)",,OR,Engineer
001-489-782-5148x9005,"2704 Anderson Circle
West Deniseport, WV 33684",International aid/development worker,Standard,WV,Other
(207)965-5943,"USNV Mckinney
FPO AE 04445",Solicitor,Standard,AE,Other
001-885-945-3291x9634,"PSC 6373, Box 7662
APO AE 36587",,Standard,AE,
094.961.3214x80487,"23767 Cody Inlet
South Ashleymouth, IA 12044",Pharmacologist,Standard,IA,Other
539-495-2454x8362,"27781 Thomas Underpass
South Debbie, AL 73515",Dancer,Standard,AL,Other
2575153077,"222 Jacob Isle Suite 902
West Peter, OR 95395",Production engineer,Standard,OR,Engineer
+1-361-940-6659,"342 Wise Fords
East Christopher, MS 14174",Clinical molecular geneticist,Non-standard,MS,Other
084-002-1335x0303,"Unit 4325 Box 1443
DPO AP 66393",Gaffer,Standard,AP,Other
+1-157-913-2132x872,"474 Andrews Station Suite 868
Donaldton, UT 23093",Physiological scientist,Non-standard,UT,Scientist
001-704-433-1377x610,"6741 Gina Point
Davisshire, IN 80446",Animator,Standard,IN,Other
(555)087-7899x297,"Unit 7041 Box 4770
DPO AA 07933",Chief Marketing Officer,Standard,AA,Other
(561)664-0469x7262,"6652 Shaffer Station
Russellside, NH 43552",Arts development officer,Standard,NH,Other
001-100-137-4029x899,"6910 Weber Port
Barnesfort, OR 92281","Conservation officer, nature",Standard,OR,Other
(661)386-2552,"48634 April Corners Suite 229
Mataport, WA 75264",Fast food restaurant manager,Standard,WA,Other
001-650-832-4566x09672,,Podiatrist,Standard,,Other
(858)825-6423,"072 Randy Bypass
North Brandonside, IN 36685",Chief Technology Officer,Standard,IN,Other
(377)952-0879x555,"1858 Gary Heights
Port Anthony, NY 67777",Herbalist,Standard,NY,Other
(528)859-2127x275,"8346 Robert Fort
Scottberg, DE 54609","Editor, magazine features",Standard,DE,Other
+1-655-961-6751x08205,"PSC 6774, Box 3064
APO AP 70393",Site engineer,Non-standard,AP,Engineer
+1-203-255-5684x53197,"49734 Derek Lodge
South Kathryn, SC 69127",Public relations account executive,Non-standard,SC,Other
(772)809-9707x770,"8018 Hopkins Locks
New Christophershire, IA 66245",Learning disability nurse,Standard,IA,Other
365-334-3235x214,,Management consultant,Standard,,Other
232-376-1096,"0731 Gonzalez Prairie Apt. 242
Lake Jennifer, RI 33499","Chemist, analytical",Standard,RI,Other
601-845-9232x496,"3452 Quinn Glen
Glenntown, NE 12864","Engineer, technical sales",Standard,NE,Engineer
719.618.4927,"67784 Ashley Bypass
Michaelbury, OR 53944",Further education lecturer,Standard,OR,Other
(546)624-5729,"423 Murray Port
North Theresaberg, MS 84219",Communications engineer,Standard,MS,Engineer
268-847-1810,"50744 Dixon Shoal
New Timothyton, IN 86943",Clinical biochemist,Standard,IN,Other
863-225-0111x78068,"93127 Joshua Village Suite 613
Johnsonshire, CA 70403","Production assistant, television",Standard,CA,Other
462.968.1120,"1548 Richard Forges Apt. 751
West Jennifer, RI 40911","Clinical scientist, histocompatibility and immunogenetics",Standard,RI,Scientist
017-540-0852x93425,"50441 James Via Apt. 789
Jaimemouth, ND 12229",Water quality scientist,Standard,ND,Scientist
(823)221-2053x4383,"3984 Curtis Estates
Lauratown, IA 97730",Occupational therapist,Standard,IA,Other
173.843.8789,"07905 Young Keys Apt. 230
Millermouth, HI 78709","Programme researcher, broadcasting/film/video",Standard,HI,Other
,"1061 Tara Row Suite 744
Robertstad, MN 46279",Medical secretary,,MN,Other
380-262-3330,"3782 Dustin Cove Apt. 327
Timothychester, SD 47764",Technical author,Standard,SD,Other
883.435.6216,"11220 Goodwin Parks Apt. 028
Lake Jeffreyland, SC 27523",Energy manager,Standard,SC,Other
(812)095-2745,"85261 Brandon Orchard Suite 233
South Ashlee, WA 74658",Sport and exercise psychologist,Standard,WA,Other
175.783.6435x80680,"333 Mitchell Curve
West Scotthaven, NH 47974",Illustrator,Standard,NH,Other
825-378-0260x620,"9775 Howard Shoals
Payneborough, MN 72840","Conservation officer, historic buildings",Standard,MN,Other
(706)528-6423,"665 Hill Greens Suite 970
Barajaston, WA 94249",,Standard,WA,
720.051.6216,"7335 Carlos Cliff
Port Steven, ID 13352",Dramatherapist,Standard,ID,Other
(881)604-4711x25971,"734 Smith Knolls Apt. 797
South Tiffany, NY 71989","Nurse, learning disability",Standard,NY,Other
,"741 Ball Ports
East Loganberg, TX 21786",Haematologist,,TX,Other
942-159-7504x922,,Software engineer,Standard,,Engineer
,"743 Colleen Trail Apt. 272
Richardstad, WI 90460",Legal secretary,,WI,Other
(941)948-4365x871,"954 Hernandez Plains Suite 645
West Karenland, WV 46821","Buyer, industrial",Standard,WV,Other
+1-776-454-7044,,Research scientist (maths),Non-standard,,Scientist
,"571 Lori Haven
South Vernonland, IA 77868","Engineer, civil (contracting)",,IA,Engineer
850-161-5148x216,"229 Joshua Cove
Steinmouth, AZ 62985","Surveyor, mining",Standard,AZ,Surveyor
3022092474,"916 Daniel Isle
Rasmussenton, NH 21329",IT sales professional,Standard,NH,Other
541.126.9420,,Ambulance person,Standard,,Other
+1-285-064-2233,"17981 Robert Parks Apt. 640
Lake Arthur, HI 88752",Chartered legal executive (England and Wales),Non-standard,HI,Other
(227)830-0988x9800,"Unit 6090 Box 1881
DPO AP 05511",Systems analyst,Standard,AP,Other
798-682-7351,"401 Michael Squares
Jasonchester, CA 37370",Print production planner,Standard,CA,Other
7907133685,"6311 Sara Ford
Lake Lindabury, VA 92985",Data scientist,Standard,VA,Scientist
001-762-359-2645,"47604 Harper Knolls Suite 346
Hughesmouth, ID 01106",Medical laboratory scientific officer,Standard,ID,Other
600-760-8357,"623 Bradley Cove
North Nicolehaven, FL 69360","Programme researcher, broadcasting/film/video",Standard,FL,Other
990-143-7145x8787,"4003 Robinson Throughway Suite 374
Lake Caitlin, CO 44153",Technical sales engineer,Standard,CO,Engineer
8549241654,"PSC 3102, Box 6774
APO AP 30813",Learning disability nurse,Standard,AP,Other
(742)852-4816x6879,"5546 Chase Track Apt. 511
Lake Katherinebury, AR 81403",Public relations account executive,Standard,AR,Other
,"390 Rivera Fields
Williamsonton, OR 57314",Make,,OR,Other
144.863.8436x05614,"315 Susan Course Suite 276
East Krystalland, WA 98175","Horticulturist, commercial",Standard,WA,Other
001-891-077-9075x867,"0595 Ramirez Prairie Suite 558
Port Sandra, RI 38343",Legal executive,Standard,RI,Other
(573)401-8613x957,"15843 Lisa Spring Suite 289
East Patrickland, GA 66946",Music therapist,Standard,GA,Other
,"PSC 4290, Box 4607
APO AA 73223",Music therapist,,AA,Other
+1-705-511-3358x290,"64004 Black Wells
Carlside, WV 95222",Herpetologist,Non-standard,WV,Other
(847)471-4726,"3719 Bell Plain Suite 761
New James, SD 31125",Records manager,Standard,SD,Other
+1-124-344-7002,"1703 Russell Street
East Sharon, DE 60406",Adult guidance worker,Non-standard,DE,Other
504-322-6275,"528 Sherry Ridges
Aaronview, FL 01573",Materials engineer,Standard,FL,Engineer
066.975.8777x507,"1721 Joshua Plaza Suite 320
Pittstown, OR 06300","Embryologist, clinical",Standard,OR,Other
,"83963 Brian Extension Suite 707
Hopkinsstad, IN 86147",Paramedic,,IN,Other
(962)568-6833x095,"92039 Elizabeth Lake Suite 293
West Nancybury, NE 89832","Investment banker, operational",Standard,NE,Other
+1-224-941-7891x17549,"1619 Rodriguez Hollow
West Anthony, AL 63902",Clinical biochemist,Non-standard,AL,Other
804.970.1525x36365,"Unit 6832 Box 9642
DPO AP 12155",Hydrologist,Standard,AP,Other
(317)827-5647x121,,Comptroller,Standard,,Other
+1-816-813-2545,"Unit 9579 Box 4000
DPO AP 34532",Personnel officer,Non-standard,AP,Other
807.396.3305x05213,"PSC 3731, Box 4371
APO AP 03905",Communications engineer,Standard,AP,Engineer
969.822.9213,"762 Jones Forges Apt. 639
New Laura, CO 46489","Therapist, sports",Standard,CO,Other
001-281-531-0515,"65331 Matthew Ranch
Leeville, UT 87499",Higher education lecturer,Standard,UT,Other
,"5299 Melissa Fork Suite 590
New Haleyville, MT 08074",Petroleum engineer,,MT,Engineer
7077520463,"9553 Nathaniel Courts
Bullockfurt, CO 78833",Seismic interpreter,Standard,CO,Other
+1-126-708-4487x704,"900 Stevens Squares
Port Triciashire, NM 99835",Interpreter,Non-standard,NM,Other
785-279-1424x28517,"9413 Zachary Terrace
South Jessefurt, TX 80112",Paramedic,Standard,TX,Other
,"76890 Rodney Light
Stevenmouth, AL 71837",Intelligence analyst,,AL,Other
(286)207-7913,"24841 Higgins Coves
Aliciafort, RI 19675",Chiropodist,Standard,RI,Other
3611576199,"67349 Elizabeth Lane Suite 206
Bakerton, CA 77719",Insurance account manager,Standard,CA,Other
910.459.2095,"4668 Christopher Landing
Powellberg, DE 13483","Designer, blown glass/stained glass",Standard,DE,Other
001-666-595-8949x1025,"5440 Brandon Radial Apt. 589
Ashleeside, MO 18585","Engineer, chemical",Standard,MO,Engineer
+1-564-199-8252x77394,"380 Rebecca Trace
Michaelberg, RI 97257",Meteorologist,Non-standard,RI,Other
176.407.9507x4048,"899 Gilbert Spur
New Karen, NC 63428",Community pharmacist,Standard,NC,Other
001-128-608-5494x19435,"42015 Eric Knoll Suite 850
New Sueburgh, LA 72976",Chartered loss adjuster,Standard,LA,Other
,"449 Lane Drive
Taylorville, AZ 75963","Production designer, theatre/television/film",,AZ,Other
9084920249,"9234 Steven Union Suite 311
West Timothyfort, MN 62003","Designer, blown glass/stained glass",Standard,MN,Other
165.846.8337x166,"497 Cook Bypass Apt. 297
North Courtneychester, MT 76996",Quarry manager,Standard,MT,Other
(854)907-8582x6239,"1046 Cohen Lodge
West Thomasport, NV 38798","Therapist, horticultural",Standard,NV,Other
001-649-289-7723,"3209 Marco Garden Suite 703
Lake Loganmouth, OH 72209",Statistician,Standard,OH,Other
+1-019-760-4124x9902,"0983 Castro Corners Apt. 258
Aliciaburgh, AR 90927",Special effects artist,Non-standard,AR,Other
377-805-0902,"174 Jonathan Freeway Suite 090
Geraldland, NM 06119","Development worker, international aid",Standard,NM,Other
545.188.3156x835,"6644 Kristin Trafficway Apt. 963
Heatherfort, MD 43421",Product manager,Standard,MD,Other
4888017464,"8730 Coleman Via Apt. 477
Ibarraberg, WA 61098",Tour manager,Standard,WA,Other
2939475082,"96397 Crystal Keys Apt. 257
Berryville, VT 23811","Therapist, art",Standard,VT,Other
533.584.3478x83769,"3464 Kenneth Mountain Suite 010
Smithmouth, AK 46322","Engineer, civil (consulting)",Standard,AK,Engineer
379.662.7881,"PSC 3912, Box 2766
APO AE 34136",Chartered loss adjuster,Standard,AE,Other
966.637.3789,"08711 Quinn Cove
New Eddie, MT 37821",Data processing manager,Standard,MT,Other
001-984-227-5861x486,"26855 Mooney Loop Suite 041
South Brian, NH 69847","Therapist, sports",Standard,NH,Other
(847)505-0373,"40435 Thomas Keys Suite 798
New Kimfurt, CO 02918",Photographer,Standard,CO,Other
937.317.5607,"37841 James Pass
Zacharyville, IA 27011","Designer, blown glass/stained glass",Standard,IA,Other
916-948-7114,"104 Cohen Shoals
Kathyfort, NM 35502","Engineer, civil (consulting)",Standard,NM,Engineer
240.368.9710,,Call centre manager,Standard,,Other
235-700-8223,"517 Matthew Cape Suite 578
Robinsonton, AL 35177",Trade union research officer,Standard,AL,Other
,"790 Stephanie Mill Apt. 243
Lisafort, NV 56525",Exhibition designer,,NV,Other
+1-464-531-4527x93501,,Radio broadcast assistant,Non-standard,,Other
,"107 John Park
East Tina, KS 37049","Research officer, government",,KS,Other
+1-052-279-5924x67341,"4828 Angel Plains
Charlesmouth, IA 54321",,Non-standard,IA,
(314)064-4368x62389,"982 Goodwin Skyway
South Wanda, UT 87689",,Standard,UT,
(005)101-3662x46773,,Air traffic controller,Standard,,Other
+1-443-602-1927,"52408 Bobby Courts Suite 861
Lake Kristenmouth, IN 75018",Aid worker,Non-standard,IN,Other
+1-976-380-8415,"3157 Natalie Cove
West George, NE 09313",Multimedia specialist,Non-standard,NE,Other
053-153-4407x392,"9911 Christopher Manor
Michellestad, OH 00759","Engineer, structural",Standard,OH,Engineer
706.334.4730x978,"218 Bruce Vista
Gonzalezburgh, FL 04151","Engineer, mining",Standard,FL,Engineer
+1-735-510-3069x2676,"853 Cordova Pine
Lake Garyhaven, IA 56557",Photographer,Non-standard,IA,Other
(554)214-4598x64405,"403 Toni Plain Suite 464
North Robinshire, SD 96654",Research scientist (physical sciences),Standard,SD,Scientist
,"57900 Moore Landing Apt. 016
East Amandaborough, SC 10417",Translator,,SC,Other
001-806-302-7784,"368 Lewis Centers
Moraport, WY 54776",,Standard,WY,
980-177-1949,"PSC 5656, Box 4716
APO AP 52336",Corporate treasurer,Standard,AP,Other
001-598-037-2308x975,"044 Morris Shore Apt. 668
Meganborough, MI 76223",Armed forces technical officer,Standard,MI,Other
(461)156-7747,"PSC 5387, Box 3006
APO AP 74393",Research scientist (maths),Standard,AP,Scientist
264.983.3169x376,"Unit 7374 Box 9635
DPO AE 87700","Accountant, chartered",Standard,AE,Other
9398610239,"4670 Butler Branch
South Dennis, OH 90187","Surveyor, mining",Standard,OH,Surveyor
(415)336-0421x78117,"26739 Isabel Locks Suite 322
East Josephtown, NC 48287",Insurance claims handler,Standard,NC,Other
+1-811-629-1926,"0844 Sharp Avenue
New Tammieborough, NY 37273","Editor, commissioning",Non-standard,NY,Other
544.857.0444x6916,"USS Young
FPO AP 10595","Surveyor, hydrographic",Standard,AP,Surveyor
001-893-088-2124,"8995 Morris View
Jameschester, AK 69680",Visual merchandiser,Standard,AK,Other
876.354.5734x52594,"279 Alan Path
Corytown, HI 58463","Designer, fashion/clothing",Standard,HI,Other
+1-281-404-2305x59823,,Furniture conservator/restorer,Non-standard,,Other
282-503-9593,"74823 Alexis Shore Apt. 983
South Donaldmouth, MI 10372",Sports development officer,Standard,MI,Other
+1-086-563-1671x6524,"5504 Woods Knoll
North Jamesview, SC 90311",Careers information officer,Non-standard,SC,Other
(122)544-1898x814,"Unit 2197 Box 7568
DPO AE 22209","Geologist, wellsite",Standard,AE,Other
638-131-6943,"1858 Rachel Forest
Caitlinville, VA 58779","Lighting technician, broadcasting/film/video",Standard,VA,Technician
+1-859-392-1657x1364,"1971 Nicole Fall
South Rachel, GA 38815",Armed forces logistics/support/administrative officer,Non-standard,GA,Other
664-803-0989,"PSC 3937, Box 5528
APO AE 21285","Scientist, product/process development",Standard,AE,Scientist
+1-111-263-3762x4482,"471 Matthew Rue Apt. 689
Anafurt, VA 23382",Health visitor,Non-standard,VA,Other
683-855-7808x439,"57159 Scott Squares Suite 677
Thomasmouth, CT 67527",Clothing/textile technologist,Standard,CT,Other
631.059.7867x886,"15749 Flynn Wall Suite 619
Rebeccaburgh, VT 72406",Mudlogger,Standard,VT,Other
001-402-943-0141x004,"08687 Samantha Greens
West Damon, IL 44086","Designer, interior/spatial",Standard,IL,Other
,"USNS Sanders
FPO AA 40245",Logistics and distribution manager,,AA,Other
841.301.3482x358,"62305 Miller Isle
West Elizabethshire, IL 93014","Scientist, marine",Standard,IL,Scientist
(933)081-7310,"8013 Kramer Pines
Jeremyfurt, NV 45030",Sports therapist,Standard,NV,Other
869.782.0955x717,"8417 Adrian Causeway Apt. 572
East Charlesside, SD 90718",Geophysical data processor,Standard,SD,Other
(604)465-7045x87477,"1874 Miller Ville Suite 293
Fuentesport, IN 20738",Logistics and distribution manager,Standard,IN,Other
(989)931-8202x4514,"076 Daniel Roads Apt. 848
Lake Keithchester, IN 45936",Materials engineer,Standard,IN,Engineer
001-343-289-5386x85481,"610 Carla Inlet
Olsonfort, MS 25671",Structural engineer,Standard,MS,Engineer
+1-944-915-4661x42870,"841 Brent Hollow Apt. 145
West Crystalview, OK 89749",Speech and language therapist,Non-standard,OK,Other
768-353-6605,"83997 Robert Junction Suite 177
South Omar, CT 56630",Air cabin crew,Standard,CT,Other
6231666557,"69838 Desiree Ferry Apt. 403
Port Jessica, WV 06423",Higher education lecturer,Standard,WV,Other
,"3126 Kara Mountains Apt. 738
Lake Markchester, KS 95923",Research scientist (life sciences),,KS,Scientist
(421)091-2139x8211,"1671 Santana Overpass
Anthonystad, KS 39161","Engineer, control and instrumentation",Standard,KS,Engineer
001-847-136-8233x304,"3341 Sean Pine
Port Joshuaport, WI 72462",Personnel officer,Standard,WI,Other
,"293 Friedman Plains
South Laura, TX 24095",Planning and development surveyor,,TX,Surveyor
001-929-296-4816x31016,"68822 Smith Plains
North Theresa, MA 04169",Farm manager,Standard,MA,Other
(541)925-9083,"4828 James Pines
Cameronshire, ID 86721",Building services engineer,Standard,ID,Engineer
(543)494-5873x740,"4195 Cook Turnpike
Pattyport, KY 66104","Investment banker, operational",Standard,KY,Other
412-543-0722,"0724 Donna Avenue
Boydchester, NC 73604",Applications developer,Standard,NC,Other
113-581-4053x8005,"6148 Barajas Tunnel
Andrewshire, CA 88567",Museum/gallery conservator,Standard,CA,Other
+1-441-792-8110x007,"37863 White Mission
New Frank, WI 33453",Quality manager,Non-standard,WI,Other
973-520-6261,"85797 Johnson Corners Suite 143
South Joshua, OK 59129",Biomedical scientist,Standard,OK,Scientist
655.057.4895,"79429 Scott Villages Suite 441
Ramosburgh, NV 85064",Water engineer,Standard,NV,Engineer
390.024.0681x5526,"14674 Felicia Island Suite 897
Gillshire, OR 86334",Financial planner,Standard,OR,Other
001-564-063-9193x3265,"87110 Campbell Turnpike Apt. 239
Alvarezshire, WA 71426",Solicitor,Standard,WA,Other
262-162-9049x85068,"615 Michael Islands
East Cindy, HI 36906","Scientist, clinical (histocompatibility and immunogenetics)",Standard,HI,Scientist
6503112686,"Unit 4799 Box 7044
DPO AP 82380",Farm manager,Standard,AP,Other
+1-137-074-0614x71697,"787 Christine Summit
Codyburgh, NH 91624",Lobbyist,Non-standard,NH,Other
192.084.6063x12894,"549 Matthew Coves Apt. 620
Reneeberg, AR 94260",Optometrist,Standard,AR,Other
(138)409-2696x446,"177 Hart Lake Suite 113
Payneport, TX 58649",Curator,Standard,TX,Other
+1-428-607-5353x649,"640 Madison Gateway Suite 632
Lewisport, KY 64198","Conservator, furniture",Non-standard,KY,Other
,"90082 Freeman Pike
Billyfort, WA 79216",Curator,,WA,Other
001-409-617-7541,"5526 James Motorway Suite 773
East Judyhaven, ND 68286",Hospital doctor,Standard,ND,Other
434-162-5996x88666,,,Standard,,
(851)022-5105,"592 Kimberly Green
Brennanchester, KY 05769",,Standard,KY,
545.128.2614x69462,"PSC 8947, Box 5056
APO AP 59319",Planning and development surveyor,Standard,AP,Surveyor
,"68715 Kristen Shores Suite 119
Johnsonbury, DC 63717","Journalist, broadcasting",,DC,Other
+1-643-127-7426x79260,"0936 Travis Meadows
Gouldhaven, VT 50861",Sub,Non-standard,VT,Other
179.907.6983,"488 Davis Rapids
Williamland, DC 12682","Engineer, civil (consulting)",Standard,DC,Engineer
001-249-578-1407x185,"014 Russo Well
East Richardtown, SD 46099","Programmer, applications",Standard,SD,Other
112.420.0830,"7253 James Greens
North Stephenborough, CA 31113",Database administrator,Standard,CA,Administrator
001-600-549-0195x68940,"657 Kim Springs Suite 239
Scottstad, LA 20122",Information systems manager,Standard,LA,Other
(929)223-7011x827,"61025 Bailey Falls
East Amanda, TN 92548",Technical sales engineer,Standard,TN,Engineer
692.279.0679x80669,,Risk manager,Standard,,Other
+1-746-564-0806x5697,"321 Carolyn Skyway Apt. 157
East Brian, MO 44283",Research scientist (life sciences),Non-standard,MO,Scientist
(226)147-4871,"80735 Sylvia Isle
Jaredfort, HI 77619",Mining engineer,Standard,HI,Engineer
991.551.5022x16160,"197 John Mills
Smithstad, NY 37293",Training and development officer,Standard,NY,Other
925-047-6131,"56666 Sharon Shoal
Lindseyberg, MT 29925",Agricultural consultant,Standard,MT,Other
6148523393,"445 Brandi Viaduct
New Natalie, ND 34882","Physicist, medical",Standard,ND,Other
289.181.7091,"802 Arnold Lock
Lake Patrickton, NE 48132",Lexicographer,Standard,NE,Other
219.030.2488,"025 Murray Square Suite 193
Benjaminland, CA 34987",Equality and diversity officer,Standard,CA,Other
983.663.9047x6883,"0317 Travis Tunnel Suite 100
Masseymouth, MO 07668",Ship broker,Standard,MO,Other
610.633.4338x7189,"4485 Barbara Mountains
Port Richardberg, SD 69000","Surveyor, mining",Standard,SD,Surveyor
236-793-0675,"31322 Peters Garden
Jacksonburgh, ND 81835","Surveyor, hydrographic",Standard,ND,Surveyor
(684)716-0561,"2625 Morrison Via Suite 370
Mollyton, SC 88564",Fish farm manager,Standard,SC,Other
648.876.4678x6417,"Unit 5363 Box 7969
DPO AP 05300",,Standard,AP,
001-828-898-6673x55986,"USCGC Ritter
FPO AE 59587",Patent attorney,Standard,AE,Other
491-986-0802x5971,"866 Richard Bridge
Robertshire, OK 25736",Games developer,Standard,OK,Other
178.228.7824x591,"3146 Douglas Forest Suite 243
East Adam, MN 91400",,Standard,MN,
+1-074-880-7700,"2169 James Union Apt. 063
Calebville, MA 20721",Theatre director,Non-standard,MA,Other
+1-040-193-9780x247,"24354 Hurley Lodge
North Jason, MA 74929",Legal secretary,Non-standard,MA,Other
(100)911-8534x300,"474 Steven Inlet Suite 746
South Daniel, RI 21923",Higher education lecturer,Standard,RI,Other
4108849025,"667 Evans Fall Apt. 112
Whitestad, IN 83906",Corporate investment banker,Standard,IN,Other
001-276-340-9508x591,"51356 Ellis Path
North Charles, MD 45158","Surveyor, hydrographic",Standard,MD,Surveyor
220.767.3569x64667,"531 Manuel Lakes
Johnbury, AL 39992",Health and safety inspector,Standard,AL,Other
(418)050-0928x80681,"18968 Miller Extensions
Nicoleside, PA 79809",,Standard,PA,
545-094-5916x8485,"54789 Vanessa Rapid Apt. 572
Ashleyhaven, MT 43265",Solicitor,Standard,MT,Other
001-568-236-4290x916,"2901 John Isle
West Davidberg, TN 77294",Geographical information systems officer,Standard,TN,Other
588-220-5217x8815,"21228 Jeffrey Club
Kellyborough, MO 93965",Financial controller,Standard,MO,Other
924.850.7318,"37551 Benjamin Streets Apt. 407
North Susanport, HI 33019",Public relations account executive,Standard,HI,Other
795.869.1089,"Unit 6902 Box 3884
DPO AA 57095",Forest/woodland manager,Standard,AA,Other
+1-158-038-1827x26240,"169 Jeffrey Camp
West Christianhaven, IN 85387","Psychologist, sport and exercise",Non-standard,IN,Other
+1-715-975-8706x755,"14900 Wheeler Mountain
Terryborough, OH 23259",English as a foreign language teacher,Non-standard,OH,Other
6369630609,"9405 Edwards Station Apt. 151
Lake Kellyfort, ND 85480",Petroleum engineer,Standard,ND,Engineer
570.086.7378x2214,"PSC 5254, Box 1449
APO AA 47596",English as a second language teacher,Standard,AA,Other
(439)528-3456x40605,"365 Bobby Harbor
Cameronport, DE 18755",,Standard,DE,
,"8392 Melissa Spurs
Lake James, CO 25025","Engineer, broadcasting (operations)",,CO,Engineer
001-229-421-5095x2799,"430 Nguyen Pass Apt. 897
West Deborahview, NM 33455",Secondary school teacher,Standard,NM,Other
3573218381,"1089 Roberts View Apt. 815
Lake Davidmouth, RI 67579",Sales promotion account executive,Standard,RI,Other
+1-792-279-2668x224,"6161 Hernandez View Apt. 931
Melissatown, CT 19243","Engineer, civil (contracting)",Non-standard,CT,Engineer
001-900-187-3700x56750,"6974 Smith Turnpike Suite 584
Carpenterberg, NE 65633","Civil engineer, contracting",Standard,NE,Engineer
3459853384,"21326 Sara Pass
New Markfurt, TX 58723",Oncologist,Standard,TX,Other
001-672-431-3881,"282 Mueller Alley
West Alex, NH 54038",Risk analyst,Standard,NH,Other
(487)524-8528,"5368 April Valleys Apt. 005
Owenville, CO 42376",,Standard,CO,
(969)896-2011x4605,"93033 Smith Green
Jessicaside, AL 14539",Medical technical officer,Standard,AL,Other
(655)816-2849x695,"6718 Knox Cove
Michelleport, NJ 24905","Lecturer, higher education",Standard,NJ,Other
,"307 Holder Radial
West Robert, VT 10574",Restaurant manager,,VT,Other
176.657.3282x97010,,Tax inspector,Standard,,Other
(728)038-0626x1451,"49674 Meyer Flats Suite 640
Ortizburgh, NH 08317",Artist,Standard,NH,Other
+1-508-977-3726x54265,"75602 Brown Pine
Leroyfort, MA 61638",,Non-standard,MA,
+1-895-637-9454x560,"6792 Hickman Run Apt. 114
North Kevinfurt, NC 60326",Rural practice surveyor,Non-standard,NC,Surveyor
199-049-8104,"3445 Melissa Vista Suite 675
Virginiabury, CO 31381",Graphic designer,Standard,CO,Other
001-278-823-9800,"12418 Christy Mission Suite 633
Lake Melissa, TN 19220",,Standard,TN,
8974964088,"5666 Anna Junction
North Samanthaland, NY 93815",Seismic interpreter,Standard,NY,Other
694.228.6009,"490 Amanda Junction Suite 467
Christophertown, CO 98940",Emergency planning/management officer,Standard,CO,Other
,"194 Diaz Plaza
Burnshaven, IL 30484",,,IL,
(885)329-9501x5909,"431 Sanders Club
Port Patricia, KS 17333",Hospital pharmacist,Standard,KS,Other
485-856-2673,"43710 Joseph Course Apt. 158
South Jamie, WV 31306","Doctor, hospital",Standard,WV,Other
+1-442-448-7731x38419,"667 Hamilton Course
East Victoria, NY 67280",Insurance claims handler,Non-standard,NY,Other
543-835-9367,"4635 Brian Canyon
Meganton, NV 27574",Chief Marketing Officer,Standard,NV,Other
105.798.9545x7778,,"Programmer, applications",Standard,,Other
591.262.8325x563,,Contracting civil engineer,Standard,,Engineer
+1-993-040-1147,"904 Marco Dam
Davidborough, TX 53083",Colour technologist,Non-standard,TX,Other
531.077.3550,"2193 Brittney Cape Suite 550
East Marisaside, IL 59903","Sales professional, IT",Standard,IL,Other
(197)309-0840x28797,"703 Campbell Crossroad Suite 409
East Maryview, SC 30570",,Standard,SC,
001-807-875-4349x641,"95960 Diane Common
West Laurenberg, NH 51383",Estate manager/land agent,Standard,NH,Other
733-288-0004,"09383 Jacqueline Extension Suite 150
Krausestad, DC 97457","Designer, textile",Standard,DC,Other
106.194.5278,"33507 Crawford Stravenue Apt. 872
New Laurashire, ME 25159",Electronics engineer,Standard,ME,Engineer
+1-129-643-3839,"99611 Robert Well Suite 553
Lake Christina, AR 01221",Educational psychologist,Non-standard,AR,Other
527.500.4397x292,"35894 Sandra Shore Suite 897
Masonside, RI 58821",Electronics engineer,Standard,RI,Engineer
140.691.6923,"87022 Rebecca Flat
North Pamelaville, MI 13171",Geographical information systems officer,Standard,MI,Other
(250)533-6325x2758,,Sales executive,Standard,,Other
(115)873-7243x28454,"4607 Carolyn Heights Suite 259
Clarkbury, ND 96200","Engineer, electronics",Standard,ND,Engineer
+1-320-141-7769x32095,"4503 Jennifer Lock
Stephenland, RI 62962",Fish farm manager,Non-standard,RI,Other
727.711.7432x65751,"8944 Lutz Mountains Apt. 311
Barnettmouth, NE 11620",Nature conservation officer,Standard,NE,Other
+1-356-242-1923x45754,"9013 Thomas Corners Suite 225
Reedmouth, MI 02246",Naval architect,Non-standard,MI,Other
0762705352,"6666 David Roads
West Melissaburgh, NC 57086",Neurosurgeon,Standard,NC,Other
218-875-5627,"72349 Jane Club
West Mark, OH 89756",Press sub,Standard,OH,Other
(868)792-0604,"4265 Nathan Vista
North Alexanderton, CT 10783","Social research officer, government",Standard,CT,Other
360-262-4491x0610,"Unit 0763 Box 7827
DPO AE 58560",Tourism officer,Standard,AE,Other
136.214.5984x0939,"469 Suzanne Fall
East Timothy, NC 64531",Communications engineer,Standard,NC,Engineer
(840)971-8688,"0849 Young Keys Suite 394
Lake Maria, MO 76335",Fine artist,Standard,MO,Other
6650643255,"135 Holly Ferry
Harrisland, KY 96887",IT sales professional,Standard,KY,Other
9463337797,"920 Young Island
Lake Katherine, KS 18363",,Standard,KS,
326-714-2335x27226,"3116 Erin Hollow
Alyssaton, CT 80026",Animal nutritionist,Standard,CT,Other
001-507-851-2667x282,"4044 Kathryn Courts
East Daniellehaven, SC 03946",,Standard,SC,
,"939 Love Heights Suite 808
Andrewton, TX 20051","Embryologist, clinical",,TX,Other
(235)787-6311,"86708 Adams Mountain
Aprilside, CT 58371",Commercial art gallery manager,Standard,CT,Other
767.219.4916x17042,"4417 Amanda Mountain
East Dillon, MN 83715",Patent examiner,Standard,MN,Other
413-787-2566x8938,"987 Brooke Hollow
Campbellville, DC 10181",Youth worker,Standard,DC,Other
5522699878,"USNS Gonzalez
FPO AP 53754",Financial trader,Standard,AP,Other
(130)721-4550,"9016 Mathew Locks Apt. 323
Russellbury, ME 32688",Research scientist (maths),Standard,ME,Scientist
(262)994-3486x444,"0215 Mark Trace Suite 920
Mindyborough, LA 71154",Dispensing optician,Standard,LA,Other
907.278.3893,"282 Maria Rapid
South Tylerport, MI 12728",Orthoptist,Standard,MI,Other
255-994-8262x2587,"59051 Juan Circles
Richardfort, CA 34870",Futures trader,Standard,CA,Other
773.710.6876,"053 Colton Viaduct
South Nicholas, WI 80349",Psychiatric nurse,Standard,WI,Other
248.017.7142x9942,"06338 Clark Centers
Tammyview, LA 63048",Chief Operating Officer,Standard,LA,Other
+1-191-378-9027x679,"7201 Mcdonald Mountain
New William, OK 25501",,Non-standard,OK,
132-324-2206,"USCGC Garrison
FPO AP 82859",Chief Operating Officer,Standard,AP,Other
001-621-970-2532x07933,"598 Scott Hills Apt. 340
Andrewburgh, NM 99162","Designer, fashion/clothing",Standard,NM,Other
0866719045,"677 Thompson Parks Apt. 228
West Isaiahstad, LA 55887",Management consultant,Standard,LA,Other
001-128-538-1884,,Copy,Standard,,Other
553.404.0779x6727,"203 Emily Villages Suite 472
Jeremymouth, PA 37281",International aid/development worker,Standard,PA,Other
526-894-7596x20259,"045 Lisa Springs
Lynchchester, SD 22163",Translator,Standard,SD,Other
+1-994-085-0435x4641,"41945 Hunter Harbor Apt. 138
Lake Miranda, WA 21764",Barrister's clerk,Non-standard,WA,Other
380.008.2556x6707,"8843 Jillian Terrace Suite 085
Kellymouth, IL 50503",Product designer,Standard,IL,Other
5862967255,"824 Andrea Lodge
West Ann, MN 25426","Doctor, general practice",Standard,MN,Other
001-102-400-0800x194,,"Designer, textile",Standard,,Other
065.085.4412,"732 Lawrence Road Apt. 278
South Kathleen, CO 67807","Journalist, broadcasting",Standard,CO,Other
257.508.9955x557,"67273 Amber Walks Suite 297
West Veronica, OH 96104",Medical secretary,Standard,OH,Other
026.637.4176x47317,"1420 Nathan Fall Apt. 787
Henrystad, OR 18269",Air traffic controller,Standard,OR,Other
+1-966-304-1283x056,"1993 Graves Plain
Nicholasburgh, CO 11815","Surveyor, mining",Non-standard,CO,Surveyor
259.316.8927,"021 Davis Canyon
West Aprilview, GA 11329",Information officer,Standard,GA,Other
917-641-1810x1489,"35130 Tammy Ville
Hawkinschester, VT 25405",Heritage manager,Standard,VT,Other
(485)923-2863x175,"459 Steven Walks Apt. 798
Montgomerybury, VT 42012",Licensed conveyancer,Standard,VT,Other
173.185.6604,"41178 Michael Mission Apt. 945
Marshallview, CO 18406","Programmer, applications",Standard,CO,Other
001-337-879-9741x8975,"725 Trevor Union
Justinshire, WY 51627",Structural engineer,Standard,WY,Engineer
+1-786-540-2286,"33050 Gonzales Springs Apt. 975
Lake Yolandamouth, IL 18763","Civil engineer, contracting",Non-standard,IL,Engineer
298-299-0902,"3449 Henderson Radial
Sanchezhaven, IA 33819","Designer, jewellery",Standard,IA,Other
7260626776,,Magazine journalist,Standard,,Other
(106)103-4786x2118,"66237 Christina Heights Suite 375
Lake Adrianburgh, WI 24210",Freight forwarder,Standard,WI,Other
+1-984-773-6571,"77248 Christine Mountain
Caseyland, KS 69342",Food technologist,Non-standard,KS,Other
(639)748-3437x80724,"584 Dennis Lodge Apt. 214
East Louisbury, AK 38245",Magazine journalist,Standard,AK,Other
(409)877-1125x956,"USCGC Travis
FPO AE 19465",Restaurant manager,Standard,AE,Other
5062738688,"PSC 9774, Box 2820
APO AE 15222",Restaurant manager,Standard,AE,Other
(663)909-1009x57084,"019 Scott Crest Suite 956
Lake Victoriaville, WA 39987",Chartered public finance accountant,Standard,WA,Other
,"3687 Clay Spur Suite 674
New Elaine, KY 51743",Horticultural therapist,,KY,Other
(318)891-3281,"63326 Neal Mount
Lake Levihaven, NM 63792",English as a foreign language teacher,Standard,NM,Other
739-275-6443,"477 Evans Tunnel Suite 664
West Timothystad, MA 85507","Nurse, mental health",Standard,MA,Other
+1-086-120-1334x017,"460 Butler Mall Suite 469
Lisatown, CA 10649",Arboriculturist,Non-standard,CA,Other
001-831-041-0243x8968,"6996 Diane Radial
Jenkinsburgh, NC 54344","Geneticist, molecular",Standard,NC,Other
194.830.1225,"USNV Hall
FPO AA 03860",Volunteer coordinator,Standard,AA,Other
806-116-7029,"35467 Lee Inlet Apt. 213
Lawrenceland, ME 08289",Technical author,Standard,ME,Other
009-166-7372x5678,"37339 Colleen Club
Jacksonhaven, PA 45634",Health and safety inspector,Standard,PA,Other
+1-022-101-5856x15697,"0984 Dennis Prairie
Josephborough, HI 59547",Theme park manager,Non-standard,HI,Other
(230)453-4239,"7242 Carr Summit Suite 645
Munozton, DE 74641",,Standard,DE,
+1-268-918-9984,"02679 Sandra Circle
Knoxburgh, OK 42538",Corporate treasurer,Non-standard,OK,Other
+1-547-373-5357x650,"061 Hernandez Fields Apt. 276
Lake Larrytown, DE 09421",,Non-standard,DE,
269.972.1399,"256 Clinton Brooks Suite 191
New Codyshire, PA 47537",Pharmacologist,Standard,PA,Other
+1-027-868-6684x4910,"259 Brooks Pine Apt. 699
West Kiara, SC 58691","Pharmacist, community",Non-standard,SC,Other
539.632.2786,"044 Donaldson Extension
Laurahaven, MT 05748",Production manager,Standard,MT,Other
001-510-669-8908,,"Pharmacist, hospital",Standard,,Other
,"8963 Mason Row Apt. 382
Humphreyport, LA 73585",Risk manager,,LA,Other
001-564-009-5243x7978,"734 Bishop Court Apt. 903
Ashleymouth, ME 97044",Economist,Standard,ME,Other
813.999.4294x8296,"2101 Compton Forge Suite 454
South Ryan, OH 60704",Social researcher,Standard,OH,Other
+1-816-198-7959x55612,"14950 Thomas Cove
Lake Kara, CT 78652",Tree surgeon,Non-standard,CT,Other
+1-392-755-7825,"368 Rivas Rapids Suite 354
Samanthaberg, NM 96226","Programmer, multimedia",Non-standard,NM,Other
(181)709-7886,"52826 Gonzalez Spur Apt. 091
Lake Kimberly, IA 70915",Illustrator,Standard,IA,Other
442-931-1173x55940,"PSC 5633, Box 0536
APO AA 05871","Engineer, automotive",Standard,AA,Engineer
+1-555-616-1877,"8275 Jacqueline Freeway
Whiteside, DC 84660","Designer, television/film set",Non-standard,DC,Other
331.166.6001x8783,"393 Villarreal Hill
South Matthewport, SC 46415",Ceramics designer,Standard,SC,Other
941-204-9942,"96693 Blackburn Ville
West Anthonymouth, MA 50533",Holiday representative,Standard,MA,Other
,,"Lecturer, further education",,,Other
001-587-176-5208x87003,"Unit 5349 Box 0292
DPO AP 83787",IT trainer,Standard,AP,Other
051-032-2638x786,,Risk manager,Standard,,Other
387-718-9802x272,"1499 Williams Pass
New Austin, FL 54312",Financial controller,Standard,FL,Other
(416)746-8893x368,"04883 Young Square
Samanthaburgh, FL 42461",,Standard,FL,
615.416.3297x5005,"6953 Campos Bridge
Port Victoriaborough, LA 99250",Copy,Standard,LA,Other
001-626-704-1531,"862 Amanda Courts Suite 711
Angelaland, CA 50894",Ranger/warden,Standard,CA,Other
+1-839-210-1151x37743,,Community arts worker,Non-standard,,Other
001-148-702-9965x754,"858 Kevin Coves
North Summer, AL 25796",Technical sales engineer,Standard,AL,Engineer
4826075827,,"Engineer, automotive",Standard,,Engineer
(382)412-9336x081,"5982 Huff Walks Suite 432
East Debbiebury, MI 06464",Estate manager/land agent,Standard,MI,Other
(529)222-0901x236,"53991 Amy Hollow Apt. 419
Cainstad, NJ 24267",Armed forces logistics/support/administrative officer,Standard,NJ,Other
645.360.7015,"09742 Thomas Centers
Lake Charlotteborough, TX 50119",Graphic designer,Standard,TX,Other
001-937-847-7538x06336,"9808 Harper Mills Apt. 938
West Rachaelborough, NY 29890",Broadcast presenter,Standard,NY,Other
571-965-9732x2829,"755 Bridget Square Suite 030
New Jessica, MT 54854",Furniture conservator/restorer,Standard,MT,Other
(083)801-3674x410,"6836 Danielle Freeway Suite 219
New Gregoryland, AR 24203","Editor, commissioning",Standard,AR,Other
(813)853-9366x2853,"0010 Laura Club
Herreraton, AZ 47186",Chemical engineer,Standard,AZ,Engineer
600.672.0915x1772,"30624 Priscilla Cape
Aprilberg, UT 26216",Biomedical scientist,Standard,UT,Scientist
,"4068 Douglas Ridges
North Meghanberg, AR 76761",Psychiatric nurse,,AR,Other
(829)299-2657x360,"726 Castillo Forks Suite 720
Aprilside, ND 68877",Careers information officer,Standard,ND,Other
(911)083-6834x63637,"168 Kim Falls Apt. 836
Matthewland, OK 33923","Engineer, water",Standard,OK,Engineer
001-632-736-3936,"6105 Andrew Center Apt. 024
North Adam, KS 65405","Education officer, community",Standard,KS,Other
624.931.2276,"981 Johnson Tunnel Suite 775
Mclaughlinchester, CT 26814",Chartered accountant,Standard,CT,Other
0133732677,"310 Joseph Island Suite 602
West Jimmychester, OH 04450","Therapist, drama",Standard,OH,Other
+1-945-580-9173x32145,"Unit 9727 Box 7663
DPO AE 09276",Technical brewer,Non-standard,AE,Other
001-453-357-8654x4260,"64759 Ryan Walks
East Austin, OR 48976","Runner, broadcasting/film/video",Standard,OR,Other
6345860053,,Analytical chemist,Standard,,Other
(826)113-2440,"195 Eric Manor
Lake Heatherfort, ND 35419",Advertising account planner,Standard,ND,Other
+1-365-669-4853x26149,"2270 Nancy Isle
East Laura, ME 44760",Clinical molecular geneticist,Non-standard,ME,Other
001-446-088-1067x25326,"46241 Nelson Throughway Apt. 203
Nguyenshire, TX 70689",Theatre manager,Standard,TX,Other
+1-881-861-1406,"304 Keith Glen
West Williamland, KY 63140","Production assistant, television",Non-standard,KY,Other
398.730.6777,"PSC 2970, Box 1868
APO AE 78178",Health physicist,Standard,AE,Other
+1-473-139-6434x8195,"055 Mary Rapids
Justinhaven, ME 52282",Geographical information systems officer,Non-standard,ME,Other
422.994.2238,"7935 Sandra Center Apt. 516
Robinsonbury, AR 06367",Colour technologist,Standard,AR,Other
+1-748-862-5563x6904,"7861 Allen Gateway Apt. 884
Chelseaside, NH 88716",Dance movement psychotherapist,Non-standard,NH,Other
001-617-884-4493x4548,"55405 Christina Cliffs Suite 448
Sarahstad, UT 26247",Art therapist,Standard,UT,Other
+1-600-056-7049x017,"0185 Edward Circle
Kristaside, WA 09911",Public relations account executive,Non-standard,WA,Other
(038)515-7258x955,"803 Thompson Cove
Matthewborough, NV 64251",Commercial horticulturist,Standard,NV,Other
710-077-0793,"6245 Huff Valleys Suite 834
South Jared, ME 26694",,Standard,ME,
5333312541,,Neurosurgeon,Standard,,Other
319-561-0073x906,"303 Travis Neck
West Todd, WV 26364",Quality manager,Standard,WV,Other
429-480-6504x1455,"50887 Miller Mews Suite 092
Mercedeston, MN 88675","Producer, radio",Standard,MN,Other
180-163-4592,"4638 Wheeler Fork
Matthewborough, KS 42778",Translator,Standard,KS,Other
+1-439-294-0288x871,"932 Potter Overpass
Thomasberg, OR 47720",Phytotherapist,Non-standard,OR,Other
(446)010-5322x719,"0763 Ralph Branch
North Arielbury, FL 96461","Production designer, theatre/television/film",Standard,FL,Other
594.610.0420x6472,"52984 David Crossroad
South Staceyburgh, SD 94555","Secretary, company",Standard,SD,Other
+1-047-349-4057x6166,"597 Davis Square Suite 836
New Christie, AL 69163",Arts administrator,Non-standard,AL,Administrator
516.689.0290,"05207 Christina Mountains Apt. 030
North Jacquelineshire, GA 33067","Scientist, clinical (histocompatibility and immunogenetics)",Standard,GA,Scientist
(020)234-2666x227,"29014 Crystal Pass
North Derek, CA 88760",Arts development officer,Standard,CA,Other
(140)950-4415,"89069 Sanders Way
New Nicholaston, PA 70170","Scientist, product/process development",Standard,PA,Scientist
+1-310-884-9741x9317,,Pathologist,Non-standard,,Other
+1-662-318-1791x6618,"459 Thomas Squares Suite 194
North Pamelamouth, MI 45095",Call centre manager,Non-standard,MI,Other
851-011-1874x687,"6578 Hamilton Grove Suite 566
Johnview, AK 19455",Wellsite geologist,Standard,AK,Other
347.311.1263x14492,"8354 Joseph Roads
Lake Travisview, IN 89475",Water quality scientist,Standard,IN,Scientist
001-810-886-3423x16909,"4004 Mcintosh Rapid
Wardton, WY 49529",Herpetologist,Standard,WY,Other
(865)747-6304x3492,"USNV Leonard
FPO AA 77161",Interior and spatial designer,Standard,AA,Other
001-797-326-9895x60192,"900 Daniel Islands Apt. 434
East Sarah, MS 32835","Accountant, chartered management",Standard,MS,Other
+1-550-173-8509x50189,"65772 Ryan Bridge
Petersonburgh, MN 79193",Fitness centre manager,Non-standard,MN,Other
577-278-0308x25730,"2010 Chelsea Springs
South Elizabeth, NH 54950",Systems developer,Standard,NH,Other
360-523-1274x35323,"PSC 2943, Box 6153
APO AA 21404",,Standard,AA,
,"743 Colleen Trail Apt. 272
Richardstad, WI 90460",Legal secretary,,WI,Other
(038)515-7258x955,"803 Thompson Cove
Matthewborough, NV 64251",Commercial horticulturist,Standard,NV,Other
(314)064-4368x62389,"982 Goodwin Skyway
South Wanda, UT 87689",,Standard,UT,
722-915-2261x42093,"67453 Charles Meadow
Sethview, NH 30177","Surveyor, minerals",Standard,NH,Surveyor
(655)816-2849x695,"6718 Knox Cove
Michelleport, NJ 24905","Lecturer, higher education",Standard,NJ,Other
+1-859-392-1657x1364,"1971 Nicole Fall
South Rachel, GA 38815",Armed forces logistics/support/administrative officer,Non-standard,GA,Other
806-116-7029,"35467 Lee Inlet Apt. 213
Lawrenceland, ME 08289",Technical author,Standard,ME,Other
+1-124-344-7002,"1703 Russell Street
East Sharon, DE 60406",Adult guidance worker,Non-standard,DE,Other
(847)471-4726,"3719 Bell Plain Suite 761
New James, SD 31125",Records manager,Standard,SD,Other
727.711.7432x65751,"8944 Lutz Mountains Apt. 311
Barnettmouth, NE 11620",Nature conservation officer,Standard,NE,Other
+1-550-173-8509x50189,"65772 Ryan Bridge
Petersonburgh, MN 79193",Fitness centre manager,Non-standard,MN,Other
391-599-3038,"631 Theodore Run Suite 794
East Eric, SD 56740","Investment banker, corporate",Standard,SD,Other
+1-984-773-6571,"77248 Christine Mountain
Caseyland, KS 69342",Food technologist,Non-standard,KS,Other
539.632.2786,"044 Donaldson Extension
Laurahaven, MT 05748",Production manager,Standard,MT,Other
001-507-851-2667x282,"4044 Kathryn Courts
East Daniellehaven, SC 03946",,Standard,SC,
+1-895-637-9454x560,"6792 Hickman Run Apt. 114
North Kevinfurt, NC 60326",Rural practice surveyor,Non-standard,NC,Surveyor
105.798.9545x7778,,"Programmer, applications",Standard,,Other
001-627-721-8355x71624,"590 Michelle Summit
North David, IA 57012","Psychologist, counselling",Standard,IA,Other
001-402-943-0141x004,"08687 Samantha Greens
West Damon, IL 44086","Designer, interior/spatial",Standard,IL,Other
412-543-0722,"0724 Donna Avenue
Boydchester, NC 73604",Applications developer,Standard,NC,Other
+1-052-279-5924x67341,"4828 Angel Plains
Charlesmouth, IA 54321",,Non-standard,IA,
527.500.4397x292,"35894 Sandra Shore Suite 897
Masonside, RI 58821",Electronics engineer,Standard,RI,Engineer
(106)103-4786x2118,"66237 Christina Heights Suite 375
Lake Adrianburgh, WI 24210",Freight forwarder,Standard,WI,Other
001-893-088-2124,"8995 Morris View
Jameschester, AK 69680",Visual merchandiser,Standard,AK,Other
001-148-702-9965x754,"858 Kevin Coves
North Summer, AL 25796",Technical sales engineer,Standard,AL,Engineer
(115)873-7243x28454,"4607 Carolyn Heights Suite 259
Clarkbury, ND 96200","Engineer, electronics",Standard,ND,Engineer
(138)409-2696x446,"177 Hart Lake Suite 113
Payneport, TX 58649",Curator,Standard,TX,Other
(226)147-4871,"80735 Sylvia Isle
Jaredfort, HI 77619",Mining engineer,Standard,HI,Engineer
259.316.8927,"021 Davis Canyon
West Aprilview, GA 11329",Information officer,Standard,GA,Other
+1-442-448-7731x38419,"667 Hamilton Course
East Victoria, NY 67280",Insurance claims handler,Non-standard,NY,Other
001-510-669-8908,,"Pharmacist, hospital",Standard,,Other
773.710.6876,"053 Colton Viaduct
South Nicholas, WI 80349",Psychiatric nurse,Standard,WI,Other
(573)401-8613x957,"15843 Lisa Spring Suite 289
East Patrickland, GA 66946",Music therapist,Standard,GA,Other
910.459.2095,"4668 Christopher Landing
Powellberg, DE 13483","Designer, blown glass/stained glass",Standard,DE,Other
(005)101-3662x46773,,Air traffic controller,Standard,,Other
001-343-289-5386x85481,"610 Carla Inlet
Olsonfort, MS 25671",Structural engineer,Standard,MS,Engineer
+1-320-141-7769x32095,"4503 Jennifer Lock
Stephenland, RI 62962",Fish farm manager,Non-standard,RI,Other
208-267-3371x95486,"8491 Benjamin Radial Suite 437
South Henry, FL 34927",Chemical engineer,Standard,FL,Engineer
001-571-037-5261,"9586 Joel Falls
Michaelbury, GA 77224",Chartered legal executive (England and Wales),Standard,GA,Other
(881)604-4711x25971,"734 Smith Knolls Apt. 797
South Tiffany, NY 71989","Nurse, learning disability",Standard,NY,Other
,"307 Holder Radial
West Robert, VT 10574",Restaurant manager,,VT,Other
360-262-4491x0610,"Unit 0763 Box 7827
DPO AE 58560",Tourism officer,Standard,AE,Other
001-672-431-3881,"282 Mueller Alley
West Alex, NH 54038",Risk analyst,Standard,NH,Other
4888017464,"8730 Coleman Via Apt. 477
Ibarraberg, WA 61098",Tour manager,Standard,WA,Other
541-402-5982x0642,"9938 Anthony Turnpike Apt. 506
Lake Sarahhaven, NV 29849","Engineer, energy",Standard,NV,Engineer
434-162-5996x88666,,,Standard,,
001-281-531-0515,"65331 Matthew Ranch
Leeville, UT 87499",Higher education lecturer,Standard,UT,Other
001-089-348-5125x94531,"86455 Stephanie Underpass Apt. 100
Roachtown, NC 27257",Restaurant manager,Standard,NC,Other
(813)853-9366x2853,"0010 Laura Club
Herreraton, AZ 47186",Chemical engineer,Standard,AZ,Engineer
(847)505-0373,"40435 Thomas Keys Suite 798
New Kimfurt, CO 02918",Photographer,Standard,CO,Other
